"","species","genus","family","species.relative","genus.relative","family.in.genus.list","output.note"
"1","Abutilon grandifolium","Abutilon","Malvaceae",NA,NA,NA,"present in megatree"
"2","Acanthospermum hispidum","Acanthospermum","Asteraceae",NA,NA,NA,"present in megatree"
"3","Acanthosyris falcata","Acanthosyris","Santalaceae",NA,NA,NA,"present in megatree"
"4","Achatocarpus praecox","Achatocarpus","Achatocarpaceae",NA,NA,NA,"present in megatree"
"5","Achyrocline satureioides","Achyrocline","Asteraceae",NA,NA,NA,"present in megatree"
"6","Adesmia muricata","Adesmia","Fabaceae",NA,NA,NA,"insertion based on genus"
"7","Aeschynomene americana","Aeschynomene","Fabaceae",NA,NA,NA,"present in megatree"
"8","Aeschynomene denticulata","Aeschynomene","Fabaceae",NA,NA,NA,"insertion based on genus"
"9","Aeschynomene rudis","Aeschynomene","Fabaceae",NA,NA,NA,"present in megatree"
"10","Agave americana","Agave","Asparagaceae",NA,NA,NA,"present in megatree"
"11","Allenrolfea patagonica","Allenrolfea","Chenopodiaceae",NA,NA,"Amaranthaceae","insertion based on genus"
"12","Allenrolfea vaginata","Allenrolfea","Chenopodiaceae",NA,NA,"Amaranthaceae","present in megatree"
"13","Allophylus edulis","Allophylus","Sapindaceae",NA,NA,NA,"insertion based on family"
"14","Aloysia gratissima","Aloysia","Verbenaceae",NA,NA,NA,"present in megatree"
"15","Aloysia scorodonioides","Aloysia","Verbenaceae",NA,NA,NA,"present in megatree"
"16","Alternanthera aquatica","Alternanthera","Amaranthaceae",NA,NA,NA,"insertion based on genus"
"17","Alternanthera paronychioides","Alternanthera","Amaranthaceae",NA,NA,NA,"present in megatree"
"18","Amaranthus hybridus","Amaranthus","Amaranthaceae",NA,NA,NA,"present in megatree"
"19","Amaranthus viridis","Amaranthus","Amaranthaceae",NA,NA,NA,"present in megatree"
"20","Anadenanthera colubrina","Anadenanthera","Fabaceae",NA,NA,NA,"present in megatree"
"21","Anemone decapetala","Anemone","Ranunculaceae",NA,NA,NA,"present in megatree"
"22","Anisocapparis speciosa","Anisocapparis","Capparaceae",NA,NA,NA,"present in megatree"
"23","Araujia brachystephana","Araujia","Apocynaceae",NA,NA,NA,"insertion based on genus"
"24","Araujia odorata","Araujia","Apocynaceae",NA,NA,NA,"present in megatree"
"25","Araujia stuckertiana","Araujia","Apocynaceae",NA,NA,NA,"insertion based on genus"
"26","Aristida adscensionis","Aristida","Poaceae",NA,NA,NA,"present in megatree"
"27","Aristida mendocina","Aristida","Poaceae",NA,NA,NA,"insertion based on genus"
"28","Aristolochia ceresensis","Aristolochia","Aristolochiaceae",NA,NA,NA,"insertion based on genus"
"29","Aspidosperma quebracho-blanco","Aspidosperma","Apocynaceae",NA,NA,NA,"insertion based on genus"
"30","Atamisquea emarginata","Atamisquea","Capparaceae",NA,NA,NA,"present in megatree"
"31","Atriplex argentina","Atriplex","Chenopodiaceae",NA,NA,"Amaranthaceae","insertion based on genus"
"32","Atriplex cordubensis","Atriplex","Chenopodiaceae",NA,NA,"Amaranthaceae","insertion based on genus"
"33","Atriplex lampa","Atriplex","Chenopodiaceae",NA,NA,"Amaranthaceae","present in megatree"
"34","Atriplex nummularia","Atriplex","Chenopodiaceae",NA,NA,"Amaranthaceae","present in megatree"
"35","Atriplex semibaccata","Atriplex","Chenopodiaceae",NA,NA,"Amaranthaceae","present in megatree"
"36","Atriplex undulata","Atriplex","Chenopodiaceae",NA,NA,"Amaranthaceae","present in megatree"
"37","Avena sativa","Avena","Poaceae",NA,NA,NA,"present in megatree"
"38","Baccharis coridifolia","Baccharis","Asteraceae",NA,NA,NA,"insertion based on genus"
"39","Baccharis dracunculifolia","Baccharis","Asteraceae",NA,NA,NA,"present in megatree"
"40","Baccharis flabellata","Baccharis","Asteraceae",NA,NA,NA,"insertion based on genus"
"41","Baccharis salicifolia","Baccharis","Asteraceae",NA,NA,NA,"insertion based on genus"
"42","Baccharis tenella","Baccharis","Asteraceae",NA,NA,NA,"insertion based on genus"
"43","Baccharis trimera","Baccharis","Asteraceae",NA,NA,NA,"insertion based on genus"
"44","Baccharis ulicina","Baccharis","Asteraceae",NA,NA,NA,"insertion based on genus"
"45","Boerhavia diffusa","Boerhavia","Nyctaginaceae",NA,NA,NA,"present in megatree"
"46","Bothriochloa springfieldii","Bothriochloa","Poaceae",NA,NA,NA,"insertion based on genus"
"47","Bougainvillea praecox","Bougainvillea","Nyctaginaceae",NA,NA,NA,"insertion based on genus"
"48","Bougainvillea stipitata","Bougainvillea","Nyctaginaceae",NA,NA,NA,"insertion based on genus"
"49","Bouteloua aristidoides","Bouteloua","Poaceae",NA,NA,NA,"present in megatree"
"50","Bouteloua barbata","Bouteloua","Poaceae",NA,NA,NA,"insertion based on genus"
"51","Bouteloua megapotamica","Bouteloua","Poaceae",NA,NA,NA,"insertion based on genus"
"52","Bromelia hieronymi","Bromelia","Bromeliaceae",NA,NA,NA,"insertion based on genus"
"53","Bromelia serra","Bromelia","Bromeliaceae",NA,NA,NA,"present in megatree"
"54","Bromus catharticus","Bromus","Poaceae",NA,NA,NA,"insertion based on genus"
"55","Broussonetia papyrifera","Broussonetia","Moraceae",NA,NA,NA,"present in megatree"
"56","Buddleja mendozensis","Buddleja","Scrophulariaceae",NA,NA,NA,"insertion based on genus"
"57","Bulnesia foliosa","Bulnesia","Zygophyllaceae",NA,NA,NA,"insertion based on family"
"58","Callianthe pauciflora","Callianthe","Malvaceae",NA,NA,NA,"insertion based on genus"
"59","Canna indica","Canna","Cannaceae",NA,NA,NA,"present in megatree"
"60","Capsicum chacoense","Capsicum","Solanaceae",NA,NA,NA,"present in megatree"
"61","Cardiospermum halicacabum","Cardiospermum","Sapindaceae",NA,NA,NA,"present in megatree"
"62","Castela coccinea","Castela","Simaroubaceae",NA,NA,NA,"insertion based on genus"
"63","Ceiba chodatii","Ceiba","Malvaceae",NA,NA,NA,"insertion based on genus"
"64","Ceiba speciosa","Ceiba","Malvaceae",NA,NA,NA,"present in megatree"
"65","Celtis chichape","Celtis","Cannabaceae",NA,NA,NA,"insertion based on genus"
"66","Celtis iguanaea","Celtis","Cannabaceae",NA,NA,NA,"present in megatree"
"67","Celtis lancifolia","Celtis","Cannabaceae",NA,NA,NA,"insertion based on genus"
"68","Celtis pallida","Celtis","Cannabaceae",NA,NA,NA,"insertion based on genus"
"69","Celtis tala","Celtis","Cannabaceae",NA,NA,NA,"insertion based on genus"
"70","Cenchrus ciliaris","Cenchrus","Poaceae",NA,NA,NA,"present in megatree"
"71","Cenchrus myosuroides","Cenchrus","Poaceae",NA,NA,NA,"present in megatree"
"72","Cenchrus pilcomayensis","Cenchrus","Poaceae",NA,NA,NA,"present in megatree"
"73","Cenchrus spinifex","Cenchrus","Poaceae",NA,NA,NA,"present in megatree"
"74","Ceratophyllum demersum","Ceratophyllum","Ceratophyllaceae",NA,NA,NA,"present in megatree"
"75","Cereus forbesii","Cereus","Cactaceae",NA,NA,NA,"insertion based on genus"
"76","Cestrum parqui","Cestrum","Solanaceae",NA,NA,NA,"present in megatree"
"77","Chenopodium album","Chenopodium","Chenopodiaceae",NA,NA,"Amaranthaceae","present in megatree"
"78","Chenopodium papulosum","Chenopodium","Chenopodiaceae",NA,NA,"Amaranthaceae","insertion based on genus"
"79","Chloris barbata","Chloris","Poaceae",NA,NA,NA,"present in megatree"
"80","Chloris castilloniana","Chloris","Poaceae",NA,NA,NA,"insertion based on genus"
"81","Chloris gayana","Chloris","Poaceae",NA,NA,NA,"present in megatree"
"82","Chloris halophila","Chloris","Poaceae",NA,NA,NA,"insertion based on genus"
"83","Chloris virgata","Chloris","Poaceae",NA,NA,NA,"present in megatree"
"84","Chromolaena christieana","Chromolaena","Asteraceae",NA,NA,NA,"insertion based on genus"
"85","Cleistocactus baumannii","Cleistocactus","Cactaceae",NA,NA,NA,"present in megatree"
"86","Cleistocactus smaragdiflorus","Cleistocactus","Cactaceae",NA,NA,NA,"present in megatree"
"87","Clematis campestris","Clematis","Ranunculaceae",NA,NA,NA,"insertion based on genus"
"88","Cnidoscolus albomaculatus","Cnidoscolus","Euphorbiaceae",NA,NA,NA,"insertion based on genus"
"89","Cnidoscolus urens","Cnidoscolus","Euphorbiaceae",NA,NA,NA,"insertion based on genus"
"90","Coccoloba spinescens","Coccoloba","Polygonaceae",NA,NA,NA,"insertion based on genus"
"91","Commelina erecta","Commelina","Commelinaceae",NA,NA,NA,"insertion based on genus"
"92","Condalia buxifolia","Condalia","Rhamnaceae",NA,NA,NA,"insertion based on genus"
"93","Condalia microphylla","Condalia","Rhamnaceae",NA,NA,NA,"present in megatree"
"94","Condalia montana","Condalia","Rhamnaceae",NA,NA,NA,"insertion based on genus"
"95","Conyza bonariensis","Conyza","Asteraceae",NA,NA,NA,"insertion based on genus"
"96","Copernicia alba","Copernicia","Arecaceae",NA,NA,NA,"present in megatree"
"97","Cordobia argentea","Cordobia","Malpighiaceae",NA,NA,NA,"present in megatree"
"98","Coriandrum sativum","Coriandrum","Apiaceae",NA,NA,NA,"present in megatree"
"99","Cortaderia selloana","Cortaderia","Poaceae",NA,NA,NA,"present in megatree"
"100","Cottea pappophoroides","Cottea","Poaceae",NA,NA,NA,"present in megatree"
"101","Crotalaria incana","Crotalaria","Fabaceae",NA,NA,NA,"present in megatree"
"102","Croton bonplandianus","Croton","Euphorbiaceae",NA,NA,NA,"present in megatree"
"103","Croton lachnostachyus","Croton","Euphorbiaceae",NA,NA,NA,"insertion based on genus"
"104","Cucumis anguria","Cucumis","Cucurbitaceae",NA,NA,NA,"present in megatree"
"105","Cucurbita maxima","Cucurbita","Cucurbitaceae",NA,NA,NA,"present in megatree"
"106","Cucurbitella asperata","Cucurbitella","Cucurbitaceae",NA,NA,NA,"present in megatree"
"107","Cyclolepis genistoides","Cyclolepis","Asteraceae",NA,NA,NA,"present in megatree"
"108","Cynanchum montevidense","Cynanchum","Apocynaceae",NA,NA,NA,"insertion based on genus"
"109","Cynodon dactylon","Cynodon","Poaceae",NA,NA,NA,"present in megatree"
"110","Cynophalla retusa","Cynophalla","Capparaceae",NA,NA,NA,"present in megatree"
"111","Cyperus corymbosus","Cyperus","Cyperaceae",NA,NA,NA,"insertion based on genus"
"112","Cyperus entrerianus","Cyperus","Cyperaceae",NA,NA,NA,"present in megatree"
"113","Cyperus esculentus","Cyperus","Cyperaceae",NA,NA,NA,"present in megatree"
"114","Cyperus haspan","Cyperus","Cyperaceae",NA,NA,NA,"present in megatree"
"115","Cyperus niger","Cyperus","Cyperaceae",NA,NA,NA,"present in megatree"
"116","Cyperus rotundus","Cyperus","Cyperaceae",NA,NA,NA,"present in megatree"
"117","Deinacanthon urbanianum","Deinacanthon","Bromeliaceae",NA,NA,NA,"insertion based on family"
"118","Desmanthus acuminatus","Desmanthus","Fabaceae",NA,NA,NA,"present in megatree"
"119","Desmanthus tatuhyensis","Desmanthus","Fabaceae",NA,NA,NA,"insertion based on genus"
"120","Desmanthus virgatus","Desmanthus","Fabaceae",NA,NA,NA,"insertion based on genus"
"121","Dichondra sericea","Dichondra","Convolvulaceae",NA,NA,NA,"insertion based on genus"
"122","Digitaria californica","Digitaria","Poaceae",NA,NA,NA,"insertion based on genus"
"123","Digitaria insularis","Digitaria","Poaceae",NA,NA,NA,"insertion based on genus"
"124","Diplachne fusca","Diplachne","Poaceae",NA,NA,NA,"insertion based on family"
"125","Disakisperma dubium","Disakisperma","Poaceae",NA,NA,NA,"present in megatree"
"126","Distichlis acerosa","Distichlis","Poaceae",NA,NA,NA,"present in megatree"
"127","Distichlis scoparia","Distichlis","Poaceae",NA,NA,NA,"present in megatree"
"128","Distichlis spicata","Distichlis","Poaceae",NA,NA,NA,"present in megatree"
"129","Dolichandra cynanchoides","Dolichandra","Bignoniaceae",NA,NA,NA,"insertion based on genus"
"130","Dyckia floribunda","Dyckia","Bromeliaceae",NA,NA,NA,"present in megatree"
"131","Dyckia longipetala","Dyckia","Bromeliaceae",NA,NA,NA,"present in megatree"
"132","Dysphania ambrosioides","Dysphania","Chenopodiaceae",NA,NA,"Amaranthaceae","present in megatree"
"133","Echinochloa colona","Echinochloa","Poaceae",NA,NA,NA,"insertion based on genus"
"134","Echinochloa helodes","Echinochloa","Poaceae",NA,NA,NA,"insertion based on genus"
"135","Echinodorus paniculatus","Echinodorus","Alismataceae",NA,NA,NA,"present in megatree"
"136","Echinopsis aurea","Echinopsis","Cactaceae",NA,NA,NA,"present in megatree"
"137","Egletes viscosa","Egletes","Asteraceae",NA,NA,NA,"present in megatree"
"138","Cortesia cuneifolia","Cortesia","Boraginaceae",NA,NA,NA,"present in megatree"
"139","Eleocharis elegans","Eleocharis","Cyperaceae",NA,NA,NA,"insertion based on genus"
"140","Elionurus muticus","Elionurus","Poaceae",NA,NA,NA,"present in megatree"
"141","Elymus scabrifolius","Elymus","Poaceae",NA,NA,NA,"insertion based on genus"
"142","Enneapogon desvauxii","Enneapogon","Poaceae",NA,NA,NA,"present in megatree"
"143","Enterolobium contortisiliquum","Enterolobium","Fabaceae",NA,NA,NA,"insertion based on genus"
"144","Enydra anagallis","Enydra","Asteraceae",NA,NA,NA,"insertion based on family"
"145","Ephedra triandra","Ephedra","Ephedraceae",NA,NA,NA,"present in megatree"
"146","Ephedra tweedieana","Ephedra","Ephedraceae",NA,NA,NA,"insertion based on genus"
"147","Eragrostis cilianensis","Eragrostis","Poaceae",NA,NA,NA,"present in megatree"
"148","Eragrostis lugens","Eragrostis","Poaceae",NA,NA,NA,"present in megatree"
"149","Eragrostis orthoclada","Eragrostis","Poaceae",NA,NA,NA,"insertion based on genus"
"150","Eragrostis spicata","Eragrostis","Poaceae",NA,NA,NA,"insertion based on genus"
"151","Eriochloa punctata","Eriochloa","Poaceae",NA,NA,NA,"present in megatree"
"152","Eryngium coronatum","Eryngium","Apiaceae",NA,NA,NA,"present in megatree"
"153","Eryngium ebracteatum","Eryngium","Apiaceae",NA,NA,NA,"present in megatree"
"154","Erythroxylum cuneifolium","Erythroxylum","Erythroxylaceae",NA,NA,NA,"insertion based on genus"
"155","Austrobrickellia patens","Austrobrickellia","Asteraceae",NA,NA,NA,"insertion based on family"
"156","Euphorbia berteroana","Euphorbia","Euphorbiaceae",NA,NA,NA,"present in megatree"
"157","Euphorbia hirta","Euphorbia","Euphorbiaceae",NA,NA,NA,"present in megatree"
"158","Euphorbia serpens","Euphorbia","Euphorbiaceae",NA,NA,NA,"present in megatree"
"159","Eustachys retusa","Eustachys","Poaceae",NA,NA,NA,"insertion based on genus"
"160","Funastrum clausum","Funastrum","Apocynaceae",NA,NA,NA,"present in megatree"
"161","Funastrum gracile","Funastrum","Apocynaceae",NA,NA,NA,"insertion based on genus"
"162","Gaillardia megapotamica","Gaillardia","Asteraceae",NA,NA,NA,"insertion based on genus"
"163","Galactia latisiliqua","Galactia","Fabaceae",NA,NA,NA,"present in megatree"
"164","Galactia texana","Galactia","Fabaceae",NA,NA,NA,"present in megatree"
"165","Gamochaeta filaginea","Gamochaeta","Asteraceae",NA,NA,NA,"present in megatree"
"166","Gamochaeta platensis","Gamochaeta","Asteraceae",NA,NA,NA,"insertion based on genus"
"167","Geoffroea decorticans","Geoffroea","Fabaceae",NA,NA,NA,"present in megatree"
"168","Glandularia incisa","Glandularia","Verbenaceae",NA,NA,NA,"present in megatree"
"169","Glandularia peruviana","Glandularia","Verbenaceae",NA,NA,NA,"insertion based on genus"
"170","Gomesa bifolia","Gomesa","Orchidaceae",NA,NA,NA,"insertion based on genus"
"171","Gomphrena boliviana","Gomphrena","Amaranthaceae",NA,NA,NA,"present in megatree"
"172","Gomphrena haenkeana","Gomphrena","Amaranthaceae",NA,NA,NA,"present in megatree"
"173","Gomphrena perennis","Gomphrena","Amaranthaceae",NA,NA,NA,"insertion based on genus"
"174","Gomphrena pulchella","Gomphrena","Amaranthaceae",NA,NA,NA,"present in megatree"
"175","Gonopterodendron sarmientoi","Gonopterodendron","Zygophyllaceae",NA,NA,NA,"insertion based on genus"
"176","Gossypium barbadense","Gossypium","Malvaceae",NA,NA,NA,"present in megatree"
"177","Gouinia latifolia","Gouinia","Poaceae",NA,NA,NA,"present in megatree"
"178","Gouinia paraguayensis","Gouinia","Poaceae",NA,NA,NA,"present in megatree"
"179","Gymnocalycium schickendantzii","Gymnocalycium","Cactaceae",NA,NA,NA,"present in megatree"
"180","Harrisia bonplandii","Harrisia","Cactaceae",NA,NA,NA,"present in megatree"
"181","Harrisia pomanensis","Harrisia","Cactaceae",NA,NA,NA,"present in megatree"
"182","Hedeoma multiflora","Hedeoma","Lamiaceae",NA,NA,NA,"insertion based on genus"
"183","Heimia salicifolia","Heimia","Lythraceae",NA,NA,NA,"present in megatree"
"184","Helianthus annuus","Helianthus","Asteraceae",NA,NA,NA,"present in megatree"
"185","Heliotropium curassavicum","Heliotropium","Boraginaceae",NA,NA,NA,"present in megatree"
"186","Heliotropium procumbens","Heliotropium","Boraginaceae",NA,NA,NA,"insertion based on genus"
"187","Hemarthria altissima","Hemarthria","Poaceae",NA,NA,NA,"present in megatree"
"188","Heteropterys dumetorum","Heteropterys","Malpighiaceae",NA,NA,NA,"present in megatree"
"189","Heterostachys ritteriana","Heterostachys","Chenopodiaceae",NA,NA,"Amaranthaceae","no insertion"
"190","Hordeum stenostachys","Hordeum","Poaceae",NA,NA,NA,"present in megatree"
"191","Hordeum vulgare","Hordeum","Poaceae",NA,NA,NA,"present in megatree"
"192","Hyalis argentea","Hyalis","Asteraceae",NA,NA,NA,"present in megatree"
"193","Hydrocleys nymphoides","Hydrocleys","Limnocharitaceae",NA,NA,"Alismataceae","present in megatree"
"194","Hydrocotyle ranunculoides","Hydrocotyle","Apiaceae",NA,NA,"Araliaceae","present in megatree"
"195","Hypochaeris chillensis","Hypochaeris","Asteraceae",NA,NA,NA,"present in megatree"
"196","Hyptis lappacea","Hyptis","Lamiaceae",NA,NA,NA,"insertion based on genus"
"197","Imperata brasiliensis","Imperata","Poaceae",NA,NA,NA,"insertion based on genus"
"198","Imperata contracta","Imperata","Poaceae",NA,NA,NA,"insertion based on genus"
"199","Indigofera suffruticosa","Indigofera","Fabaceae",NA,NA,NA,"present in megatree"
"200","Ipomoea purpurea","Ipomoea","Convolvulaceae",NA,NA,NA,"present in megatree"
"201","Jaborosa integrifolia","Jaborosa","Solanaceae",NA,NA,NA,"present in megatree"
"202","Jarava ichu","Jarava","Poaceae",NA,NA,NA,"present in megatree"
"203","Jarava leptostachya","Jarava","Poaceae",NA,NA,NA,"insertion based on genus"
"204","Juglans australis","Juglans","Juglandaceae",NA,NA,NA,"present in megatree"
"205","Justicia comata","Justicia","Acanthaceae",NA,NA,NA,"insertion based on genus"
"206","Justicia gilliesii","Justicia","Acanthaceae",NA,NA,NA,"insertion based on genus"
"207","Justicia squarrosa","Justicia","Acanthaceae",NA,NA,NA,"insertion based on genus"
"208","Justicia tweediana","Justicia","Acanthaceae",NA,NA,NA,"insertion based on genus"
"209","Kallstroemia tucumanensis","Kallstroemia","Zygophyllaceae",NA,NA,NA,"insertion based on genus"
"210","Lantana balansae","Lantana","Verbenaceae",NA,NA,NA,"insertion based on genus"
"211","Larrea divaricata","Larrea","Zygophyllaceae",NA,NA,NA,"present in megatree"
"212","Lecanophora ecristata","Lecanophora","Malvaceae",NA,NA,NA,"insertion based on genus"
"213","Lecanophora heterophylla","Lecanophora","Malvaceae",NA,NA,NA,"insertion based on genus"
"214","Leersia hexandra","Leersia","Poaceae",NA,NA,NA,"present in megatree"
"215","Lemna gibba","Lemna","Araceae",NA,NA,NA,"present in megatree"
"216","Lepidium auriculatum","Lepidium","Brassicaceae",NA,NA,NA,"insertion based on genus"
"217","Leptochloa crinita","Leptochloa","Poaceae",NA,NA,NA,"present in megatree"
"218","Leptochloa virgata","Leptochloa","Poaceae",NA,NA,NA,"insertion based on genus"
"219","Libidibia paraguariensis","Libidibia","Fabaceae",NA,NA,NA,"present in megatree"
"220","Ligaria cuneifolia","Ligaria","Loranthaceae",NA,NA,NA,"insertion based on family"
"221","Ligustrum lucidum","Ligustrum","Oleaceae",NA,NA,NA,"present in megatree"
"222","Limnobium laevigatum","Limnobium","Hydrocharitaceae",NA,NA,NA,"present in megatree"
"223","Lippia junelliana","Lippia","Verbenaceae",NA,NA,NA,"insertion based on genus"
"224","Lippia salsa","Lippia","Verbenaceae",NA,NA,NA,"present in megatree"
"225","Lippia turbinata","Lippia","Verbenaceae",NA,NA,NA,"present in megatree"
"226","Lithraea molleoides","Lithraea","Anacardiaceae",NA,NA,NA,"present in megatree"
"227","Lotus tenuis","Lotus","Fabaceae",NA,NA,NA,"present in megatree"
"228","Louisiella elephantipes","Louisiella","Poaceae",NA,NA,NA,"present in megatree"
"229","Ludwigia peploides","Ludwigia","Onagraceae",NA,NA,NA,"present in megatree"
"230","Luziola peruviana","Luziola","Poaceae",NA,NA,NA,"present in megatree"
"231","Lycium americanum","Lycium","Solanaceae",NA,NA,NA,"present in megatree"
"232","Lycium boerhaviifolium","Lycium","Solanaceae",NA,NA,NA,"insertion based on genus"
"233","Lycium cestroides","Lycium","Solanaceae",NA,NA,NA,"present in megatree"
"234","Lycium chilense","Lycium","Solanaceae",NA,NA,NA,"present in megatree"
"235","Lycium ciliatum","Lycium","Solanaceae",NA,NA,NA,"present in megatree"
"236","Lycium infaustum","Lycium","Solanaceae",NA,NA,NA,"present in megatree"
"237","Lycium nodosum","Lycium","Solanaceae",NA,NA,NA,"present in megatree"
"238","Lycium tenuispinosum","Lycium","Solanaceae",NA,NA,NA,"present in megatree"
"239","Maclura tinctoria","Maclura","Moraceae",NA,NA,NA,"insertion based on genus"
"240","Macroptilium lathyroides","Macroptilium","Fabaceae",NA,NA,NA,"present in megatree"
"241","Malvastrum coromandelianum","Malvastrum","Malvaceae",NA,NA,NA,"present in megatree"
"242","Manihot guaranitica","Manihot","Euphorbiaceae",NA,NA,NA,"present in megatree"
"243","Margyricarpus pinnatus","Margyricarpus","Rosaceae",NA,NA,NA,"present in megatree"
"244","Mascagnia brevifolia","Mascagnia","Malpighiaceae",NA,NA,NA,"present in megatree"
"245","Maytenus viscifolia","Maytenus","Celastraceae",NA,NA,NA,"insertion based on genus"
"246","Maytenus vitis-idaea","Maytenus","Celastraceae",NA,NA,NA,"insertion based on genus"
"247","Medicago polymorpha","Medicago","Fabaceae",NA,NA,NA,"present in megatree"
"248","Medicago sativa","Medicago","Fabaceae",NA,NA,NA,"present in megatree"
"249","Megathyrsus maximus","Megathyrsus","Poaceae",NA,NA,NA,"present in megatree"
"250","Melilotus albus","Melilotus","Fabaceae",NA,NA,NA,"present in megatree"
"251","Melilotus indicus","Melilotus","Fabaceae",NA,NA,NA,"present in megatree"
"252","Melothria cucumis","Melothria","Cucurbitaceae",NA,NA,NA,"insertion based on genus"
"253","Mikania cordifolia","Mikania","Asteraceae",NA,NA,NA,"present in megatree"
"254","Mimosa detinens","Mimosa","Fabaceae",NA,NA,NA,"insertion based on genus"
"255","Mimosa farinosa","Mimosa","Fabaceae",NA,NA,NA,"insertion based on genus"
"256","Mimozyganthus carinatus","Mimozyganthus","Fabaceae",NA,NA,NA,"present in megatree"
"257","Monteverdia spinosa","Monteverdia","Celastraceae",NA,NA,NA,"present in megatree"
"258","Monvillea cavendishii","Monvillea","Cactaceae",NA,NA,NA,"insertion based on family"
"259","Morisonia tweediana","Morisonia","Capparaceae",NA,NA,NA,"insertion based on genus"
"260","Morus alba","Morus","Moraceae",NA,NA,NA,"present in megatree"
"261","Myracrodruon balansae","Myracrodruon","Anacardiaceae",NA,NA,NA,"present in megatree"
"262","Myrcianthes cisplatensis","Myrcianthes","Myrtaceae",NA,NA,NA,"insertion based on genus"
"263","Nassella catamarcensis","Nassella","Poaceae",NA,NA,NA,"insertion based on genus"
"264","Nassella hyalina","Nassella","Poaceae",NA,NA,NA,"present in megatree"
"265","Nassella tenuissima","Nassella","Poaceae",NA,NA,NA,"present in megatree"
"266","Nasturtium officinale","Nasturtium","Brassicaceae",NA,NA,NA,"present in megatree"
"267","Neltuma alba","Neltuma","Fabaceae",NA,NA,NA,"insertion based on family"
"268","Neltuma alpataco","Neltuma","Fabaceae",NA,NA,NA,"insertion based on family"
"269","Neltuma chilensis","Neltuma","Fabaceae",NA,NA,NA,"insertion based on family"
"270","Neltuma elata","Neltuma","Fabaceae",NA,NA,NA,"insertion based on family"
"271","Neltuma flexuosa","Neltuma","Fabaceae",NA,NA,NA,"insertion based on family"
"272","Neltuma kuntzei","Neltuma","Fabaceae",NA,NA,NA,"insertion based on family"
"273","Neltuma nigra","Neltuma","Fabaceae",NA,NA,NA,"insertion based on family"
"274","Neltuma pugionata","Neltuma","Fabaceae",NA,NA,NA,"insertion based on family"
"275","Neltuma ruscifolia","Neltuma","Fabaceae",NA,NA,NA,"insertion based on family"
"276","Neltuma sericantha","Neltuma","Fabaceae",NA,NA,NA,"insertion based on family"
"277","Neobouteloua lophostachya","Neobouteloua","Poaceae",NA,NA,NA,"present in megatree"
"278","Neptunia pubescens","Neptunia","Fabaceae",NA,NA,NA,"insertion based on genus"
"279","Nicotiana longiflora","Nicotiana","Solanaceae",NA,NA,NA,"present in megatree"
"280","Nymphaea jamesoniana","Nymphaea","Nymphaeaceae",NA,NA,NA,"present in megatree"
"281","Opuntia anacantha","Opuntia","Cactaceae",NA,NA,NA,"present in megatree"
"282","Opuntia elata","Opuntia","Cactaceae",NA,NA,NA,"present in megatree"
"283","Opuntia ficus-indica","Opuntia","Cactaceae",NA,NA,NA,"present in megatree"
"284","Opuntia megapotamica","Opuntia","Cactaceae",NA,NA,NA,"insertion based on genus"
"285","Opuntia quimilo","Opuntia","Cactaceae",NA,NA,NA,"present in megatree"
"286","Opuntia robusta","Opuntia","Cactaceae",NA,NA,NA,"present in megatree"
"287","Opuntia salmiana","Opuntia","Cactaceae",NA,NA,NA,"insertion based on genus"
"288","Opuntia sulphurea","Opuntia","Cactaceae",NA,NA,NA,"present in megatree"
"289","Oxalis conorrhiza","Oxalis","Oxalidaceae",NA,NA,NA,"insertion based on genus"
"290","Oxalis corniculata","Oxalis","Oxalidaceae",NA,NA,NA,"insertion based on genus"
"291","Panicum coloratum","Panicum","Poaceae",NA,NA,NA,"present in megatree"
"292","Panicum trichanthum","Panicum","Poaceae",NA,NA,NA,"present in megatree"
"293","Panicum urvilleanum","Panicum","Poaceae",NA,NA,NA,"insertion based on genus"
"294","Pappophorum caespitosum","Pappophorum","Poaceae",NA,NA,NA,"insertion based on genus"
"295","Pappophorum pappiferum","Pappophorum","Poaceae",NA,NA,NA,"present in megatree"
"296","Pappophorum philippianum","Pappophorum","Poaceae",NA,NA,NA,"present in megatree"
"297","Parapiptadenia excelsa","Parapiptadenia","Fabaceae",NA,NA,NA,"present in megatree"
"298","Parasenegalia visco","Parasenegalia","Fabaceae",NA,NA,NA,"present in megatree"
"299","Parietaria debilis","Parietaria","Urticaceae",NA,NA,NA,"present in megatree"
"300","Parkinsonia aculeata","Parkinsonia","Fabaceae",NA,NA,NA,"present in megatree"
"301","Parkinsonia praecox","Parkinsonia","Fabaceae",NA,NA,NA,"present in megatree"
"302","Parthenium hysterophorus","Parthenium","Asteraceae",NA,NA,NA,"present in megatree"
"303","Paspalum acuminatum","Paspalum","Poaceae",NA,NA,NA,"insertion based on genus"
"304","Paspalum almum","Paspalum","Poaceae",NA,NA,NA,"insertion based on genus"
"305","Paspalum buckleyanum","Paspalum","Poaceae",NA,NA,NA,"insertion based on genus"
"306","Paspalum conjugatum","Paspalum","Poaceae",NA,NA,NA,"present in megatree"
"307","Paspalum denticulatum","Paspalum","Poaceae",NA,NA,NA,"insertion based on genus"
"308","Paspalum distichum","Paspalum","Poaceae",NA,NA,NA,"present in megatree"
"309","Paspalum malacophyllum","Paspalum","Poaceae",NA,NA,NA,"present in megatree"
"310","Paspalum notatum","Paspalum","Poaceae",NA,NA,NA,"present in megatree"
"311","Paspalum simplex","Paspalum","Poaceae",NA,NA,NA,"insertion based on genus"
"312","Paspalum unispicatum","Paspalum","Poaceae",NA,NA,NA,"insertion based on genus"
"313","Paspalum vaginatum","Paspalum","Poaceae",NA,NA,NA,"present in megatree"
"314","Passiflora foetida","Passiflora","Passifloraceae",NA,NA,NA,"present in megatree"
"315","Passiflora misera","Passiflora","Passifloraceae",NA,NA,NA,"present in megatree"
"316","Passiflora mooreana","Passiflora","Passifloraceae",NA,NA,NA,"insertion based on genus"
"317","Pectis odorata","Pectis","Asteraceae",NA,NA,NA,"present in megatree"
"318","Petiveria alliacea","Petiveria","Petiveriaceae",NA,NA,NA,"present in megatree"
"319","Petunia axillaris","Petunia","Solanaceae",NA,NA,NA,"present in megatree"
"320","Phoradendron argentinum","Phoradendron","Santalaceae",NA,NA,NA,"insertion based on genus"
"321","Phoradendron bathyoryctum","Phoradendron","Santalaceae",NA,NA,NA,"insertion based on genus"
"322","Phoradendron quadrangulare","Phoradendron","Santalaceae",NA,NA,NA,"present in megatree"
"323","Phyla nodiflora var. reptans","Phyla","Verbenaceae",NA,NA,NA,"insertion based on genus"
"324","Phyllostylon rhamnoides","Phyllostylon","Ulmaceae",NA,NA,NA,"present in megatree"
"325","Piptochaetium napostaense","Piptochaetium","Poaceae",NA,NA,NA,"present in megatree"
"326","Pisonia zapallo","Pisonia","Nyctaginaceae",NA,NA,NA,"insertion based on genus"
"327","Pistia stratiotes","Pistia","Araceae",NA,NA,NA,"present in megatree"
"328","Amphilophium carolinae","Amphilophium","Bignoniaceae",NA,NA,NA,"present in megatree"
"329","Pitraea cuneato-ovata","Pitraea","Verbenaceae",NA,NA,NA,"present in megatree"
"330","Plantago major","Plantago","Plantaginaceae",NA,NA,NA,"present in megatree"
"331","Plantago myosuros","Plantago","Plantaginaceae",NA,NA,NA,"insertion based on genus"
"332","Plectrocarpa tetracantha","Plectrocarpa","Zygophyllaceae",NA,NA,NA,"present in megatree"
"333","Poa calchaquiensis","Poa","Poaceae",NA,NA,NA,"insertion based on family"
"334","Poa ligularis","Poa","Poaceae",NA,NA,NA,"insertion based on family"
"335","Polycarpon suffruticosum","Polycarpon","Caryophyllaceae",NA,NA,NA,"insertion based on genus"
"336","Polygonum acuminatum","Polygonum","Polygonaceae",NA,NA,NA,"insertion based on genus"
"337","Polygonum hispidum","Polygonum","Polygonaceae",NA,NA,NA,"insertion based on genus"
"338","Polygonum punctatum","Polygonum","Polygonaceae",NA,NA,NA,"insertion based on genus"
"339","Pontederia crassipes","Pontederia","Pontederiaceae",NA,NA,NA,"present in megatree"
"340","Porlieria microphylla","Porlieria","Zygophyllaceae",NA,NA,NA,"insertion based on genus"
"341","Portulaca oleracea","Portulaca","Portulacaceae",NA,NA,NA,"present in megatree"
"342","Portulaca umbraticola","Portulaca","Portulacaceae",NA,NA,NA,"insertion based on genus"
"343","Prosopanche americana","Prosopanche","Hydnoraceae",NA,NA,"Aristolochiaceae","no insertion"
"344","Prosopanche bonacinae","Prosopanche","Hydnoraceae",NA,NA,"Aristolochiaceae","no insertion"
"345","Prosopidastrum globosum","Prosopidastrum","Fabaceae",NA,NA,NA,"insertion based on genus"
"346","Pseudabutilon virgatum","Pseudabutilon","Malvaceae",NA,NA,NA,"insertion based on family"
"347","Pseudalbizzia inundata","Pseudalbizzia","Fabaceae",NA,NA,NA,"insertion based on family"
"348","Pterocaulon alopecuroides","Pterocaulon","Asteraceae",NA,NA,NA,"present in megatree"
"349","Puya spathacea","Puya","Bromeliaceae",NA,NA,NA,"present in megatree"
"350","Quiabentia verticillata","Quiabentia","Cactaceae",NA,NA,NA,"present in megatree"
"351","Rhipsalis aculeata","Rhipsalis","Cactaceae",NA,NA,NA,"insertion based on genus"
"352","Rhipsalis lumbricoides","Rhipsalis","Cactaceae",NA,NA,NA,"insertion based on genus"
"353","Rhynchospora rugosa","Rhynchospora","Cyperaceae",NA,NA,NA,"insertion based on genus"
"354","Ricinus communis","Ricinus","Euphorbiaceae",NA,NA,NA,"present in megatree"
"355","Robinia pseudoacacia","Robinia","Fabaceae",NA,NA,NA,"insertion based on genus"
"356","Salvia rosmarinus","Salvia","Lamiaceae",NA,NA,NA,"present in megatree"
"357","Ruellia ciliatiflora","Ruellia","Acanthaceae",NA,NA,NA,"present in megatree"
"358","Ruellia coerulea","Ruellia","Acanthaceae",NA,NA,NA,"insertion based on genus"
"359","Ruellia filicalyx","Ruellia","Acanthaceae",NA,NA,NA,"insertion based on genus"
"360","Ruellia hygrophila","Ruellia","Acanthaceae",NA,NA,NA,"present in megatree"
"361","Ruellia macrosolen","Ruellia","Acanthaceae",NA,NA,NA,"present in megatree"
"362","Ruprechtia apetala","Ruprechtia","Polygonaceae",NA,NA,NA,"present in megatree"
"363","Ruprechtia triflora","Ruprechtia","Polygonaceae",NA,NA,NA,"insertion based on genus"
"364","Salix alba","Salix","Salicaceae",NA,NA,NA,"insertion based on genus"
"365","Salix humboldtiana","Salix","Salicaceae",NA,NA,NA,"present in megatree"
"366","Sapindus saponaria","Sapindus","Sapindaceae",NA,NA,NA,"insertion based on genus"
"367","Sarcomphalus mistol","Sarcomphalus","Rhamnaceae",NA,NA,NA,"insertion based on family"
"368","Sarcotoxicum salicifolium","Sarcotoxicum","Capparaceae",NA,NA,NA,"insertion based on family"
"369","Schinopsis balansae","Schinopsis","Anacardiaceae",NA,NA,NA,"present in megatree"
"370","Schinopsis lorentzii","Schinopsis","Anacardiaceae",NA,NA,NA,"insertion based on genus"
"371","Schinus fasciculata","Schinus","Anacardiaceae",NA,NA,NA,"insertion based on genus"
"372","Schinus longifolius","Schinus","Anacardiaceae",NA,NA,NA,"insertion based on genus"
"373","Schizachyrium microstachyum","Schizachyrium","Poaceae",NA,NA,NA,"insertion based on genus"
"374","Schkuhria pinnata","Schkuhria","Asteraceae",NA,NA,NA,"present in megatree"
"375","Macroscepis grandiflora","Macroscepis","Apocynaceae",NA,NA,NA,"insertion based on family"
"376","Scoparia nudicaulis","Scoparia","Plantaginaceae",NA,NA,NA,"insertion based on genus"
"377","Scutellaria racemosa","Scutellaria","Lamiaceae",NA,NA,NA,"insertion based on genus"
"378","Senecio deferens","Senecio","Asteraceae",NA,NA,NA,"present in megatree"
"379","Senegalia gilliesii","Senegalia","Fabaceae",NA,NA,NA,"present in megatree"
"380","Senegalia praecox","Senegalia","Fabaceae",NA,NA,NA,"insertion based on genus"
"381","Senna aphylla","Senna","Fabaceae",NA,NA,NA,"insertion based on genus"
"382","Senna spiniflora","Senna","Fabaceae",NA,NA,NA,"insertion based on genus"
"383","Senna chloroclada","Senna","Fabaceae",NA,NA,NA,"insertion based on genus"
"384","Senna morongii","Senna","Fabaceae",NA,NA,NA,"insertion based on genus"
"385","Senna occidentalis","Senna","Fabaceae",NA,NA,NA,"present in megatree"
"386","Senna pilifera","Senna","Fabaceae",NA,NA,NA,"insertion based on genus"
"387","Setaria cordobensis","Setaria","Poaceae",NA,NA,NA,"insertion based on genus"
"388","Setaria fiebrigii","Setaria","Poaceae",NA,NA,NA,"insertion based on genus"
"389","Setaria geminata","Setaria","Poaceae",NA,NA,NA,"insertion based on genus"
"390","Setaria hunzikeri","Setaria","Poaceae",NA,NA,NA,"insertion based on genus"
"391","Setaria lachnea","Setaria","Poaceae",NA,NA,NA,"present in megatree"
"392","Setaria leucopila","Setaria","Poaceae",NA,NA,NA,"insertion based on genus"
"393","Setaria macrostachya","Setaria","Poaceae",NA,NA,NA,"insertion based on genus"
"394","Setaria pampeana","Setaria","Poaceae",NA,NA,NA,"insertion based on genus"
"395","Setaria parviflora","Setaria","Poaceae",NA,NA,NA,"present in megatree"
"396","Setaria verticillata","Setaria","Poaceae",NA,NA,NA,"present in megatree"
"397","Sida cordifolia","Sida","Malvaceae",NA,NA,NA,"present in megatree"
"398","Sida rhombifolia","Sida","Malvaceae",NA,NA,NA,"present in megatree"
"399","Sideroxylon obtusifolium","Sideroxylon","Sapotaceae",NA,NA,NA,"present in megatree"
"400","Solanum angustifidum","Solanum","Solanaceae",NA,NA,NA,"insertion based on genus"
"401","Solanum argentinum","Solanum","Solanaceae",NA,NA,NA,"present in megatree"
"402","Solanum aridum","Solanum","Solanaceae",NA,NA,NA,"present in megatree"
"403","Solanum chacoense","Solanum","Solanaceae",NA,NA,NA,"insertion based on genus"
"404","Solanum glaucophyllum","Solanum","Solanaceae",NA,NA,NA,"present in megatree"
"405","Solanum hieronymi","Solanum","Solanaceae",NA,NA,NA,"present in megatree"
"406","Solanum multispinum","Solanum","Solanaceae",NA,NA,NA,"present in megatree"
"407","Solanum palinacanthum","Solanum","Solanaceae",NA,NA,NA,"present in megatree"
"408","Solanum sisymbriifolium","Solanum","Solanaceae",NA,NA,NA,"present in megatree"
"409","Sorghastrum pellitum","Sorghastrum","Poaceae",NA,NA,NA,"insertion based on genus"
"410","Sorghum almum","Sorghum","Poaceae",NA,NA,NA,"insertion based on genus"
"411","Sorghum bicolor","Sorghum","Poaceae",NA,NA,NA,"present in megatree"
"412","Sorghum halepense","Sorghum","Poaceae",NA,NA,NA,"present in megatree"
"413","Sphaeralcea bonariensis","Sphaeralcea","Malvaceae",NA,NA,NA,"insertion based on genus"
"414","Sphaeralcea miniata","Sphaeralcea","Malvaceae",NA,NA,NA,"insertion based on genus"
"415","Sporobolus cryptandrus","Sporobolus","Poaceae",NA,NA,NA,"present in megatree"
"416","Sporobolus indicus","Sporobolus","Poaceae",NA,NA,NA,"present in megatree"
"417","Sporobolus monandrus","Sporobolus","Poaceae",NA,NA,NA,"insertion based on genus"
"418","Sporobolus phleoides","Sporobolus","Poaceae",NA,NA,NA,"insertion based on genus"
"419","Sporobolus pyramidatus","Sporobolus","Poaceae",NA,NA,NA,"insertion based on genus"
"420","Stapfochloa parvispicula","Stapfochloa","Poaceae",NA,NA,NA,"insertion based on genus"
"421","Steinchisma hians","Steinchisma","Poaceae",NA,NA,NA,"present in megatree"
"422","Stemodia ericifolia","Stemodia","Scrophulariaceae",NA,NA,"Plantaginaceae","insertion based on genus"
"423","Stemodia lanceolata","Stemodia","Scrophulariaceae",NA,NA,"Plantaginaceae","insertion based on genus"
"424","Stetsonia coryne","Stetsonia","Cactaceae",NA,NA,NA,"present in megatree"
"425","Strombocarpa reptans","Strombocarpa","Fabaceae",NA,NA,NA,"insertion based on family"
"426","Strombocarpa strombulifera","Strombocarpa","Fabaceae",NA,NA,NA,"insertion based on family"
"427","Strombocarpa torquata","Strombocarpa","Fabaceae",NA,NA,NA,"insertion based on family"
"428","Struthanthus angustifolius","Struthanthus","Loranthaceae",NA,NA,NA,"insertion based on genus"
"429","Struthanthus uraguensis","Struthanthus","Loranthaceae",NA,NA,NA,"insertion based on genus"
"430","Suaeda divaricata","Suaeda","Chenopodiaceae",NA,NA,"Amaranthaceae","present in megatree"
"431","Tabebuia nodosa","Tabebuia","Bignoniaceae",NA,NA,NA,"insertion based on genus"
"432","Talinum fruticosum","Talinum","Talinaceae",NA,NA,NA,"present in megatree"
"433","Talinum paniculatum","Talinum","Talinaceae",NA,NA,NA,"present in megatree"
"434","Tamarix ramosissima","Tamarix","Tamaricaceae",NA,NA,NA,"present in megatree"
"435","Tanaecium dichotomum","Tanaecium","Bignoniaceae",NA,NA,NA,"present in megatree"
"436","Tanaecium selloi","Tanaecium","Bignoniaceae",NA,NA,NA,"present in megatree"
"437","Tessaria integrifolia","Tessaria","Asteraceae",NA,NA,NA,"present in megatree"
"438","Thalia geniculata","Thalia","Marantaceae",NA,NA,NA,"present in megatree"
"439","Thelesperma megapotamicum","Thelesperma","Asteraceae",NA,NA,NA,"present in megatree"
"440","Tillandsia argentina","Tillandsia","Bromeliaceae",NA,NA,NA,"present in megatree"
"441","Tillandsia bandensis","Tillandsia","Bromeliaceae",NA,NA,NA,"insertion based on genus"
"442","Tillandsia capillaris","Tillandsia","Bromeliaceae",NA,NA,NA,"present in megatree"
"443","Tillandsia duratii","Tillandsia","Bromeliaceae",NA,NA,NA,"insertion based on genus"
"444","Tillandsia ixioides","Tillandsia","Bromeliaceae",NA,NA,NA,"present in megatree"
"445","Tillandsia loliacea","Tillandsia","Bromeliaceae",NA,NA,NA,"insertion based on genus"
"446","Tillandsia lorentziana","Tillandsia","Bromeliaceae",NA,NA,NA,"insertion based on genus"
"447","Tillandsia recurvifolia","Tillandsia","Bromeliaceae",NA,NA,NA,"insertion based on genus"
"448","Tillandsia minutiflora","Tillandsia","Bromeliaceae",NA,NA,NA,"insertion based on genus"
"449","Tillandsia tricholepis","Tillandsia","Bromeliaceae",NA,NA,NA,"insertion based on genus"
"450","Tillandsia xiphioides","Tillandsia","Bromeliaceae",NA,NA,NA,"insertion based on genus"
"451","Tragia geraniifolia","Tragia","Euphorbiaceae",NA,NA,NA,"present in megatree"
"452","Tragus berteronianus","Tragus","Poaceae",NA,NA,NA,"insertion based on genus"
"453","Leptochloa pluriflora","Leptochloa","Poaceae",NA,NA,NA,"present in megatree"
"454","Trichocereus terscheckii","Trichocereus","Cactaceae",NA,NA,NA,"insertion based on family"
"455","Tricomaria usillo","Tricomaria","Malpighiaceae",NA,NA,NA,"present in megatree"
"456","Tripodanthus acutifolius","Tripodanthus","Loranthaceae",NA,NA,NA,"insertion based on genus"
"457","Tripogon spicatus","Tripogon","Poaceae",NA,NA,NA,"insertion based on genus"
"458","Trithrinax campestris","Trithrinax","Arecaceae",NA,NA,NA,"present in megatree"
"459","Trithrinax schizophylla","Trithrinax","Arecaceae",NA,NA,NA,"insertion based on genus"
"460","Turnera sidoides","Turnera","Passifloraceae",NA,NA,NA,"insertion based on genus"
"461","Typha domingensis","Typha","Typhaceae",NA,NA,NA,"present in megatree"
"462","Urtica circularis","Urtica","Urticaceae",NA,NA,NA,"present in megatree"
"463","Vachellia albicorticata","Vachellia","Fabaceae",NA,NA,NA,"insertion based on genus"
"464","Vachellia aroma","Vachellia","Fabaceae",NA,NA,NA,"insertion based on genus"
"465","Vachellia caven","Vachellia","Fabaceae",NA,NA,NA,"present in megatree"
"466","Vallesia glabra","Vallesia","Apocynaceae",NA,NA,NA,"insertion based on genus"
"467","Vassobia breviflora","Vassobia","Solanaceae",NA,NA,NA,"present in megatree"
"468","Vernonanthura chamaedrys","Vernonanthura","Asteraceae",NA,NA,NA,"present in megatree"
"469","Vigna luteola","Vigna","Fabaceae",NA,NA,NA,"present in megatree"
"470","Wissadula densiflora","Wissadula","Malvaceae",NA,NA,NA,"insertion based on family"
"471","Ximenia americana","Ximenia","Olacaceae",NA,NA,NA,"present in megatree"
"472","Zea mays","Zea","Poaceae",NA,NA,NA,"present in megatree"
"473","Zinnia peruviana","Zinnia","Asteraceae",NA,NA,NA,"insertion based on family"
